[
  {
    "lid": "116655707443335@lid",
    "id": "6285803693140@s.whatsapp.net"
  },
  {
    "lid": "215032486990076@lid",
    "id": "6283852793896@s.whatsapp.net"
  },
  {
    "lid": "223488824602712@lid",
    "id": "6281524685349@s.whatsapp.net"
  },
  {
    "lid": "3397839274190@lid",
    "id": "6288293441879@s.whatsapp.net"
  },
  {
    "lid": "116815040614498@lid",
    "id": "6282245586413@s.whatsapp.net"
  },
  {
    "lid": "37576702472212@lid",
    "id": "6282125378806@s.whatsapp.net"
  },
  {
    "lid": "75467306623187@lid",
    "id": "62895320423468@s.whatsapp.net"
  },
  {
    "lid": "210814694903823@lid",
    "id": "6282312438616@s.whatsapp.net"
  },
  {
    "lid": "221693528264799@lid",
    "id": "62895705680291@s.whatsapp.net"
  },
  {
    "lid": "129652479778984@lid",
    "id": "6283890196431@s.whatsapp.net"
  },
  {
    "lid": "24489987453167@lid",
    "id": "6285753847469@s.whatsapp.net"
  },
  {
    "lid": "186745480069224@lid",
    "id": "6283132380918@s.whatsapp.net"
  },
  {
    "lid": "217681911365634@lid",
    "id": "6283189407207@s.whatsapp.net"
  },
  {
    "lid": "251612387905614@lid",
    "id": "6288271548543@s.whatsapp.net"
  },
  {
    "lid": "244379730063559@lid",
    "id": "6285369707428@s.whatsapp.net"
  },
  {
    "lid": "53855098241224@lid",
    "id": "6285955012404@s.whatsapp.net"
  },
  {
    "lid": "173066260893742@lid",
    "id": "62895383358311@s.whatsapp.net"
  },
  {
    "lid": "102160712900642@lid",
    "id": "6283879363917@s.whatsapp.net"
  },
  {
    "lid": "139333034094704@lid",
    "id": "60196440806@s.whatsapp.net"
  },
  {
    "lid": "177712861864148@lid",
    "id": "6285750746176@s.whatsapp.net"
  },
  {
    "lid": "28106417016985@lid",
    "id": "6282347744821@s.whatsapp.net"
  },
  {
    "lid": "175230588833986@lid",
    "id": "6285893148652@s.whatsapp.net"
  },
  {
    "lid": "189077345329405@lid",
    "id": "6285772972362@s.whatsapp.net"
  },
  {
    "lid": "98565875618020@lid",
    "id": "6287836440288@s.whatsapp.net"
  },
  {
    "lid": "60770146590799@lid",
    "id": "6285933483905@s.whatsapp.net"
  },
  {
    "lid": "133346369761315@lid",
    "id": "6285357543387@s.whatsapp.net"
  },
  {
    "lid": "243159590248703@lid",
    "id": "62895617339400@s.whatsapp.net"
  },
  {
    "lid": "51093316882567@lid",
    "id": "6282170267045@s.whatsapp.net"
  },
  {
    "lid": "190292837826625@lid",
    "id": "6282110017228@s.whatsapp.net"
  },
  {
    "lid": "16342753239189@lid",
    "id": "6285695941690@s.whatsapp.net"
  },
  {
    "lid": "121578092241078@lid",
    "id": "6287792540103@s.whatsapp.net"
  },
  {
    "lid": "55284886171783@lid",
    "id": "6281347681202@s.whatsapp.net"
  },
  {
    "lid": "103672189050912@lid",
    "id": "6281646885903@s.whatsapp.net"
  },
  {
    "lid": "28476019073082@lid",
    "id": "628887930113@s.whatsapp.net"
  },
  {
    "lid": "141910098350181@lid",
    "id": "6285875192494@s.whatsapp.net"
  },
  {
    "lid": "185534584483999@lid",
    "id": "6283897085549@s.whatsapp.net"
  },
  {
    "lid": "111484902371569@lid",
    "id": "12074664123@s.whatsapp.net"
  },
  {
    "lid": "228423607783436@lid",
    "id": "6289664876944@s.whatsapp.net"
  },
  {
    "lid": "128243696943218@lid",
    "id": "6285777082169@s.whatsapp.net"
  },
  {
    "lid": "125177140641963@lid",
    "id": "62895417759072@s.whatsapp.net"
  },
  {
    "lid": "105639166652607@lid",
    "id": "6289520188002@s.whatsapp.net"
  },
  {
    "lid": "43877402722454@lid",
    "id": "6285775782005@s.whatsapp.net"
  },
  {
    "lid": "270759066910957@lid",
    "id": "6283825300818@s.whatsapp.net"
  },
  {
    "lid": "45333849600124@lid",
    "id": "6285362796450@s.whatsapp.net"
  },
  {
    "lid": "183438674026670@lid",
    "id": "6285601910484@s.whatsapp.net"
  },
  {
    "lid": "47369211130050@lid",
    "id": "62895384469794@s.whatsapp.net"
  },
  {
    "lid": "75372834123969@lid",
    "id": "6289626455060@s.whatsapp.net"
  },
  {
    "lid": "84190284509288@lid",
    "id": "6285345423358@s.whatsapp.net"
  },
  {
    "lid": "192101388161210@lid",
    "id": "14704338284@s.whatsapp.net"
  },
  {
    "lid": "88858578415675@lid",
    "id": "6289513218085@s.whatsapp.net"
  },
  {
    "lid": "270411442999403@lid",
    "id": "6282196761930@s.whatsapp.net"
  },
  {
    "lid": "153283758964832@lid",
    "id": "6283827640984@s.whatsapp.net"
  },
  {
    "lid": "236974870888667@lid",
    "id": "6281522504528@s.whatsapp.net"
  },
  {
    "lid": "78791208620068@lid",
    "id": "6282311119327@s.whatsapp.net"
  },
  {
    "lid": "54812943085767@lid",
    "id": "6282135719007@s.whatsapp.net"
  },
  {
    "lid": "249795415437539@lid",
    "id": "6285788181671@s.whatsapp.net"
  },
  {
    "lid": "130219549683867@lid",
    "id": "6288211194070@s.whatsapp.net"
  },
  {
    "lid": "217858609029350@lid",
    "id": "6283176212421@s.whatsapp.net"
  },
  {
    "lid": "138882448380135@lid",
    "id": "6281386367862@s.whatsapp.net"
  },
  {
    "lid": "37959088795743@lid",
    "id": "6281320982400@s.whatsapp.net"
  },
  {
    "lid": "5064085254303@lid",
    "id": "6283853545135@s.whatsapp.net"
  },
  {
    "lid": "175518720753720@lid",
    "id": "628818662173@s.whatsapp.net"
  },
  {
    "lid": "216716030251196@lid",
    "id": "6288293756164@s.whatsapp.net"
  },
  {
    "lid": "91946777313472@lid",
    "id": "6281343090434@s.whatsapp.net"
  },
  {
    "lid": "159648279711969@lid",
    "id": "6285652136534@s.whatsapp.net"
  },
  {
    "lid": "195803347968112@lid",
    "id": "6285329128681@s.whatsapp.net"
  },
  {
    "lid": "16432914018363@lid",
    "id": "6285789231015@s.whatsapp.net"
  },
  {
    "lid": "254451227058347@lid",
    "id": "6285850792685@s.whatsapp.net"
  },
  {
    "lid": "274345532326081@lid",
    "id": "6283122789501@s.whatsapp.net"
  },
  {
    "lid": "121504725479537@lid",
    "id": "6285342421058@s.whatsapp.net"
  },
  {
    "lid": "23794286645316@lid",
    "id": "6285173192190@s.whatsapp.net"
  },
  {
    "lid": "245938669015074@lid",
    "id": "6285219712745@s.whatsapp.net"
  },
  {
    "lid": "32040808382677@lid",
    "id": "6282333313377@s.whatsapp.net"
  },
  {
    "lid": "33926533910717@lid",
    "id": "62881026396871@s.whatsapp.net"
  },
  {
    "lid": "274323990433990@lid",
    "id": "6281216419405@s.whatsapp.net"
  },
  {
    "lid": "125623532052519@lid",
    "id": "6282131081600@s.whatsapp.net"
  },
  {
    "lid": "2178018197650@lid",
    "id": "6281371540571@s.whatsapp.net"
  },
  {
    "lid": "194295797702791@lid",
    "id": "6282372989062@s.whatsapp.net"
  },
  {
    "lid": "279619701850179@lid",
    "id": "2349128681298@s.whatsapp.net"
  },
  {
    "lid": "243138853650541@lid",
    "id": "85586692257@s.whatsapp.net"
  },
  {
    "lid": "94450927837285@lid",
    "id": "6285755187737@s.whatsapp.net"
  },
  {
    "lid": "99806718500931@lid",
    "id": "62895616790001@s.whatsapp.net"
  },
  {
    "lid": "226628697366714@lid",
    "id": "6282339139944@s.whatsapp.net"
  },
  {
    "lid": "47833470242918@lid",
    "id": "6289602254720@s.whatsapp.net"
  },
  {
    "lid": "140948612849890@lid",
    "id": "6282128299495@s.whatsapp.net"
  },
  {
    "lid": "194385958441123@lid",
    "id": "6285848333211@s.whatsapp.net"
  },
  {
    "lid": "10149410431061@lid",
    "id": "6285820516697@s.whatsapp.net"
  },
  {
    "lid": "189695988363368@lid",
    "id": "628813403856@s.whatsapp.net"
  },
  {
    "lid": "205832180474029@lid",
    "id": "628817899788@s.whatsapp.net"
  },
  {
    "lid": "2065946439713@lid",
    "id": "6288299315675@s.whatsapp.net"
  },
  {
    "lid": "66173014151190@lid",
    "id": "62895328830426@s.whatsapp.net"
  },
  {
    "lid": "169256608112743@lid",
    "id": "6285259053158@s.whatsapp.net"
  },
  {
    "lid": "25391947321439@lid",
    "id": "6283804442003@s.whatsapp.net"
  },
  {
    "lid": "178876932210721@lid",
    "id": "6289637606242@s.whatsapp.net"
  },
  {
    "lid": "100905995251935@lid",
    "id": "6288296684039@s.whatsapp.net"
  },
  {
    "lid": "232375044837383@lid",
    "id": "6285880594786@s.whatsapp.net"
  },
  {
    "lid": "269681634091231@lid",
    "id": "6285378275982@s.whatsapp.net"
  },
  {
    "lid": "215414101528830@lid",
    "id": "6288221520712@s.whatsapp.net"
  },
  {
    "lid": "153017336758378@lid",
    "id": "62881011765813@s.whatsapp.net"
  },
  {
    "lid": "65915165110346@lid",
    "id": "6285776622673@s.whatsapp.net"
  },
  {
    "lid": "194124217081888@lid",
    "id": "6289501291801@s.whatsapp.net"
  },
  {
    "lid": "97371455246531@lid",
    "id": "6288804200379@s.whatsapp.net"
  },
  {
    "lid": "192869851750427@lid",
    "id": "62895327104652@s.whatsapp.net"
  },
  {
    "lid": "54688305119458@lid",
    "id": "6281399596005@s.whatsapp.net"
  },
  {
    "lid": "94003966017544@lid",
    "id": "6282167072357@s.whatsapp.net"
  },
  {
    "lid": "49208061075477@lid",
    "id": "60173424189@s.whatsapp.net"
  },
  {
    "lid": "196701113577652@lid",
    "id": "6285657305212@s.whatsapp.net"
  },
  {
    "lid": "126443971436740@lid",
    "id": "6283875217420@s.whatsapp.net"
  },
  {
    "lid": "152205420191822@lid",
    "id": "6281360478633@s.whatsapp.net"
  },
  {
    "lid": "258372548976702@lid",
    "id": "6283109661923@s.whatsapp.net"
  },
  {
    "lid": "136765029527694@lid",
    "id": "6283832674273@s.whatsapp.net"
  },
  {
    "lid": "275861857165533@lid",
    "id": "6281243904246@s.whatsapp.net"
  },
  {
    "lid": "226306792915039@lid",
    "id": "6285136633158@s.whatsapp.net"
  },
  {
    "lid": "212433897529448@lid",
    "id": "6282291587668@s.whatsapp.net"
  },
  {
    "lid": "47511683203152@lid",
    "id": "6285143227889@s.whatsapp.net"
  },
  {
    "lid": "108276645679331@lid",
    "id": "60165781186@s.whatsapp.net"
  },
  {
    "lid": "147554054480114@lid",
    "id": "6287760944195@s.whatsapp.net"
  },
  {
    "lid": "94335131476209@lid",
    "id": "6281325035322@s.whatsapp.net"
  },
  {
    "lid": "79732360122545@lid",
    "id": "6282131053937@s.whatsapp.net"
  },
  {
    "lid": "80715957940471@lid",
    "id": "6287783135851@s.whatsapp.net"
  },
  {
    "lid": "116690033586218@lid",
    "id": "6283165847159@s.whatsapp.net"
  },
  {
    "lid": "227440580399193@lid",
    "id": "6285283785595@s.whatsapp.net"
  },
  {
    "lid": "219013753905334@lid",
    "id": "6289608069676@s.whatsapp.net"
  },
  {
    "lid": "149096014835891@lid",
    "id": "6283867752331@s.whatsapp.net"
  },
  {
    "lid": "215753789837539@lid",
    "id": "6281279562727@s.whatsapp.net"
  },
  {
    "lid": "252574393495576@lid",
    "id": "6288211045928@s.whatsapp.net"
  },
  {
    "lid": "90650234060919@lid",
    "id": "6282381910085@s.whatsapp.net"
  },
  {
    "lid": "219863888969772@lid",
    "id": "6281226776877@s.whatsapp.net"
  },
  {
    "lid": "273894896357612@lid",
    "id": "62895320395061@s.whatsapp.net"
  },
  {
    "lid": "59301351665702@lid",
    "id": "6285787886477@s.whatsapp.net"
  },
  {
    "lid": "137190281609465@lid",
    "id": "62895617094900@s.whatsapp.net"
  },
  {
    "lid": "242515932405816@lid",
    "id": "6285353896984@s.whatsapp.net"
  },
  {
    "lid": "229501795623011@lid",
    "id": "62895397345930@s.whatsapp.net"
  },
  {
    "lid": "207060541161615@lid",
    "id": "6285841317445@s.whatsapp.net"
  },
  {
    "lid": "198766858645748@lid",
    "id": "6281211074783@s.whatsapp.net"
  },
  {
    "lid": "261967788945592@lid",
    "id": "6285863450153@s.whatsapp.net"
  },
  {
    "lid": "198488289755388@lid",
    "id": "6289526192886@s.whatsapp.net"
  },
  {
    "lid": "174603892686957@lid",
    "id": "6281326499498@s.whatsapp.net"
  },
  {
    "lid": "206338953109510@lid",
    "id": "6282118500035@s.whatsapp.net"
  },
  {
    "lid": "118532658475046@lid",
    "id": "6282139711033@s.whatsapp.net"
  },
  {
    "lid": "186543784345665@lid",
    "id": "6281540866398@s.whatsapp.net"
  },
  {
    "lid": "218618516254942@lid",
    "id": "6285691101631@s.whatsapp.net"
  },
  {
    "lid": "4011549814959@lid",
    "id": "601117622982@s.whatsapp.net"
  },
  {
    "lid": "170299983151200@lid",
    "id": "6283899566754@s.whatsapp.net"
  },
  {
    "lid": "235742299172889@lid",
    "id": "6282399141329@s.whatsapp.net"
  },
  {
    "lid": "178705653567587@lid",
    "id": "6288212039339@s.whatsapp.net"
  },
  {
    "lid": "218592998096984@lid",
    "id": "6282164085960@s.whatsapp.net"
  },
  {
    "lid": "208722542518286@lid",
    "id": "6281348621825@s.whatsapp.net"
  },
  {
    "lid": "71949845823514@lid",
    "id": "6285129242973@s.whatsapp.net"
  },
  {
    "lid": "229446279770194@lid",
    "id": "6282114152585@s.whatsapp.net"
  },
  {
    "lid": "134363941462144@lid",
    "id": "6289614281238@s.whatsapp.net"
  },
  {
    "lid": "70257444126834@lid",
    "id": "6283838158008@s.whatsapp.net"
  },
  {
    "lid": "63652120002803@lid",
    "id": "6283866061763@s.whatsapp.net"
  },
  {
    "lid": "37976587423961@lid",
    "id": "6282292700102@s.whatsapp.net"
  },
  {
    "lid": "201704666587252@lid",
    "id": "6285876869631@s.whatsapp.net"
  },
  {
    "lid": "197148092182752@lid",
    "id": "62882007152341@s.whatsapp.net"
  },
  {
    "lid": "278366024425673@lid",
    "id": "6283114579100@s.whatsapp.net"
  },
  {
    "lid": "89765051429010@lid",
    "id": "60178523552@s.whatsapp.net"
  },
  {
    "lid": "56238486368428@lid",
    "id": "6283897046745@s.whatsapp.net"
  },
  {
    "lid": "187278391558182@lid",
    "id": "628385996620@s.whatsapp.net"
  },
  {
    "lid": "7898478411853@lid",
    "id": "6285722164638@s.whatsapp.net"
  },
  {
    "lid": "56053903401116@lid",
    "id": "60179772507@s.whatsapp.net"
  },
  {
    "lid": "30872359141460@lid",
    "id": "6285311209502@s.whatsapp.net"
  },
  {
    "lid": "41292285345922@lid",
    "id": "6285869205584@s.whatsapp.net"
  },
  {
    "lid": "236331129139305@lid",
    "id": "6285338407492@s.whatsapp.net"
  },
  {
    "lid": "155662902370551@lid",
    "id": "6281229309101@s.whatsapp.net"
  },
  {
    "lid": "31477999878284@lid",
    "id": "6281959291692@s.whatsapp.net"
  },
  {
    "lid": "110844515995873@lid",
    "id": "923004824783@s.whatsapp.net"
  },
  {
    "lid": "33457845620803@lid",
    "id": "6282112686132@s.whatsapp.net"
  },
  {
    "lid": "60954914111702@lid",
    "id": "628133345107@s.whatsapp.net"
  },
  {
    "lid": "39694607888450@lid",
    "id": "6285718065824@s.whatsapp.net"
  },
  {
    "lid": "67495847317595@lid",
    "id": "6285852164283@s.whatsapp.net"
  },
  {
    "lid": "175600157376601@lid",
    "id": "6285822763830@s.whatsapp.net"
  },
  {
    "lid": "234501372391552@lid",
    "id": "6285707528347@s.whatsapp.net"
  },
  {
    "lid": "74784406790222@lid",
    "id": "628386853496@s.whatsapp.net"
  },
  {
    "lid": "103195800035481@lid",
    "id": "6287859779592@s.whatsapp.net"
  },
  {
    "lid": "205252661891195@lid",
    "id": "628812727367@s.whatsapp.net"
  },
  {
    "lid": "37091337580615@lid",
    "id": "6287834604222@s.whatsapp.net"
  },
  {
    "lid": "256680281550865@lid",
    "id": "6281323730080@s.whatsapp.net"
  },
  {
    "lid": "72229018706126@lid",
    "id": "6285138345019@s.whatsapp.net"
  },
  {
    "lid": "143160017739981@lid",
    "id": "6285748814232@s.whatsapp.net"
  },
  {
    "lid": "135901405524191@lid",
    "id": "6283109564013@s.whatsapp.net"
  },
  {
    "lid": "161559858905308@lid",
    "id": "62895420489520@s.whatsapp.net"
  },
  {
    "lid": "44960321659019@lid",
    "id": "6282120644115@s.whatsapp.net"
  },
  {
    "lid": "143680094662658@lid",
    "id": "6282261812176@s.whatsapp.net"
  },
  {
    "lid": "55285272076339@lid",
    "id": "6285212789023@s.whatsapp.net"
  },
  {
    "lid": "108903878635774@lid",
    "id": "6285929884246@s.whatsapp.net"
  },
  {
    "lid": "10454587945102@lid",
    "id": "6285236639013@s.whatsapp.net"
  },
  {
    "lid": "49108689621104@lid",
    "id": "6285242575878@s.whatsapp.net"
  },
  {
    "lid": "136365564014592@lid",
    "id": "6285954140301@s.whatsapp.net"
  },
  {
    "lid": "176983203967001@lid",
    "id": "886908544269@s.whatsapp.net"
  },
  {
    "lid": "259459444150390@lid",
    "id": "6283138459030@s.whatsapp.net"
  },
  {
    "lid": "21136121274584@lid",
    "id": "62881010930467@s.whatsapp.net"
  },
  {
    "lid": "66787009937467@lid",
    "id": "6289668847829@s.whatsapp.net"
  },
  {
    "lid": "84451941969997@lid",
    "id": "6282157712367@s.whatsapp.net"
  },
  {
    "lid": "168757955670108@lid",
    "id": "62882000182200@s.whatsapp.net"
  },
  {
    "lid": "276377152573533@lid",
    "id": "60167310998@s.whatsapp.net"
  },
  {
    "lid": "33788574883955@lid",
    "id": "60132610436@s.whatsapp.net"
  },
  {
    "lid": "131692891271244@lid",
    "id": "62895403955085@s.whatsapp.net"
  },
  {
    "lid": "279693169311744@lid",
    "id": "6288220156882@s.whatsapp.net"
  },
  {
    "lid": "79289894625286@lid",
    "id": "62895327012035@s.whatsapp.net"
  },
  {
    "lid": "118000585854996@lid",
    "id": "6285129968874@s.whatsapp.net"
  },
  {
    "lid": "27011334537409@lid",
    "id": "6281228586108@s.whatsapp.net"
  },
  {
    "lid": "69888110493715@lid",
    "id": "6283142159752@s.whatsapp.net"
  },
  {
    "lid": "53258131345531@lid",
    "id": "6285796962339@s.whatsapp.net"
  },
  {
    "lid": "246625645678821@lid",
    "id": "6289513957736@s.whatsapp.net"
  },
  {
    "lid": "123553760452630@lid",
    "id": "6281549280993@s.whatsapp.net"
  },
  {
    "lid": "218772749185073@lid",
    "id": "6281286519145@s.whatsapp.net"
  },
  {
    "lid": "49400797724856@lid",
    "id": "6283850366329@s.whatsapp.net"
  },
  {
    "lid": "192208795918396@lid",
    "id": "6285601623158@s.whatsapp.net"
  },
  {
    "lid": "109221370691784@lid",
    "id": "5219992353473@s.whatsapp.net"
  },
  {
    "lid": "157951834759230@lid",
    "id": "62895606469410@s.whatsapp.net"
  },
  {
    "lid": "25688467832852@lid",
    "id": "6281382630420@s.whatsapp.net"
  },
  {
    "lid": "73847684485363@lid",
    "id": "6285282648217@s.whatsapp.net"
  },
  {
    "lid": "111815681933522@lid",
    "id": "6287791968479@s.whatsapp.net"
  },
  {
    "lid": "132307071549539@lid",
    "id": "6282124465691@s.whatsapp.net"
  },
  {
    "lid": "274238409859236@lid",
    "id": "6281211069271@s.whatsapp.net"
  },
  {
    "lid": "168062070333555@lid",
    "id": "6283846104657@s.whatsapp.net"
  },
  {
    "lid": "78228970594326@lid",
    "id": "6285777968295@s.whatsapp.net"
  },
  {
    "lid": "266507351273647@lid",
    "id": "6285669711660@s.whatsapp.net"
  },
  {
    "lid": "193858080137365@lid",
    "id": "6282322275136@s.whatsapp.net"
  },
  {
    "lid": "234423995863054@lid",
    "id": "601131721505@s.whatsapp.net"
  },
  {
    "lid": "177347839975457@lid",
    "id": "62816837418@s.whatsapp.net"
  },
  {
    "lid": "81716484005997@lid",
    "id": "6285141150341@s.whatsapp.net"
  },
  {
    "lid": "229579507630252@lid",
    "id": "62881011234626@s.whatsapp.net"
  },
  {
    "lid": "7001182630081@lid",
    "id": "6285217213834@s.whatsapp.net"
  },
  {
    "lid": "231524523852028@lid",
    "id": "6285881707634@s.whatsapp.net"
  },
  {
    "lid": "221526326554718@lid",
    "id": "6285150945146@s.whatsapp.net"
  },
  {
    "lid": "88949108273259@lid",
    "id": "6287817201326@s.whatsapp.net"
  },
  {
    "lid": "243907334037668@lid",
    "id": "6283148375164@s.whatsapp.net"
  },
  {
    "lid": "62380222504969@lid",
    "id": "6282237562043@s.whatsapp.net"
  },
  {
    "lid": "190529111380192@lid",
    "id": "6287884549221@s.whatsapp.net"
  },
  {
    "lid": "246625813422103@lid",
    "id": "6281542226927@s.whatsapp.net"
  },
  {
    "lid": "96048806658249@lid",
    "id": "6287777526630@s.whatsapp.net"
  },
  {
    "lid": "212493624463529@lid",
    "id": "628561191623@s.whatsapp.net"
  },
  {
    "lid": "208182014132454@lid",
    "id": "62882008202714@s.whatsapp.net"
  },
  {
    "lid": "101833859199079@lid",
    "id": "6281262693143@s.whatsapp.net"
  },
  {
    "lid": "111768219172903@lid",
    "id": "6283878496569@s.whatsapp.net"
  },
  {
    "lid": "99600308404377@lid",
    "id": "6281228830467@s.whatsapp.net"
  },
  {
    "lid": "66722887409896@lid",
    "id": "6285282455403@s.whatsapp.net"
  },
  {
    "lid": "25263165415448@lid",
    "id": "62882000382701@s.whatsapp.net"
  },
  {
    "lid": "266988354023675@lid",
    "id": "6282154691379@s.whatsapp.net"
  },
  {
    "lid": "34054846042239@lid",
    "id": "6285810543376@s.whatsapp.net"
  },
  {
    "lid": "228445569216633@lid",
    "id": "6285782205057@s.whatsapp.net"
  },
  {
    "lid": "237194484695116@lid",
    "id": "6285808933141@s.whatsapp.net"
  },
  {
    "lid": "105798080446623@lid",
    "id": "62895368497036@s.whatsapp.net"
  },
  {
    "lid": "60322933170381@lid",
    "id": "6287893348797@s.whatsapp.net"
  },
  {
    "lid": "82631043596483@lid",
    "id": "6285336525092@s.whatsapp.net"
  },
  {
    "lid": "137331981951001@lid",
    "id": "6289677058414@s.whatsapp.net"
  },
  {
    "lid": "86947401867426@lid",
    "id": "6283821702323@s.whatsapp.net"
  },
  {
    "lid": "119185745162475@lid",
    "id": "6285731055721@s.whatsapp.net"
  },
  {
    "lid": "50367232499881@lid",
    "id": "6281338575132@s.whatsapp.net"
  },
  {
    "lid": "161452501528785@lid",
    "id": "6289510403925@s.whatsapp.net"
  },
  {
    "lid": "47489621213371@lid",
    "id": "6288742677915@s.whatsapp.net"
  },
  {
    "lid": "202040143814707@lid",
    "id": "6283875157020@s.whatsapp.net"
  },
  {
    "lid": "208834631065756@lid",
    "id": "6289627116668@s.whatsapp.net"
  },
  {
    "lid": "274040858112221@lid",
    "id": "62895352001102@s.whatsapp.net"
  },
  {
    "lid": "180797353021507@lid",
    "id": "6289503706468@s.whatsapp.net"
  }
]