{
  "㌲ⰹ㠱ⰴ㐱ⰳ㘸㜬ⰳㄲⰱ㐱ⰶⰰ㜱ⰶㄱⰴ㘱ⰴ㘷㈬㔱㠬ⰸ㐱㌬ⰵ㜷㈬㔱㔬ⰹㄱⰱ㔵ㄬ㤰㈬㔰ㄬ㠴ㄬㄵㄬ㐸㈬㈳ㄬ㜴㌬ⰶㄱⰲ㈱ⰳ㔹": ".ai tes",
  "㤱ⰲ㔱ⰹ㐱ⰰ㌸㌬ⰲ㐱ㄬ㘵㈬㤴㌬ⰱ㜱ㄬ㈸ㄬ㤸ㄬ〶㐬ⰹ㈱ⰴ㈱ⰵ〲ⰲ㠱ⰷ㔲ⰰ㐲ⰵㄲⰵ〲ⰲ㘶㈬㈳㜬ⰸㄱⰲ〲ⰹⰵ㠳ㄬ㄰ㄬ㔲ㄬ㌱": ".irengkan",
  "㠱ⰲ㤱ⰵ㐲ⰴ㈲ⰸㄱⰰ㌲ⰴㄱⰷ㘱ⰳ㤸ㄬ㈬ㄲㄬ㐳㈬ㄵ㜬ⰰ㈲ⰱㄱⰱⰵ㐲ⰵ㜶ㄬ㜹㠬ⰲ㈱ⰴ㐱ⰲ〸ㄬ㤸㘬ⰵ㔵㤬ⰰ㌴ㄬ㐸㈬ⰲ㐲": ".irengkan",
  "㐱㤬ⰰⰶㄲⰳ㈵ㄬ㐲ㄬ㐸㈬㈴ㄬ㈸㠬ⰱ㠱ⰴ㌲ⰸㄲㄬ㠰ㄬ㜰㈬㐳㌬ⰸ㈵ㄬ㌹ㄬ㠱ㄬ㌳㌬ⰳ㌱ⰰⰹ㐲ⰲ㌱ⰰ㔱ⰴ㘷ㄬ㤲ㄬ㌱ㄬ㤶㜬": ".i2v Make his eyes emit lasers",
  "〱ⰶ㘵ㄬ㘳ㄬ㈴㔬ⰳ㔱ⰲ㤱ⰱ㈲ⰰ㌱ⰷ㤲㈬ⰱ㜱ⰸ㘷㈬ⰴ㐲㠬ⰱㄲ㔬ⰴ㔳㈬㈳㈬㐳㠬ⰸ㌳ㄬ㘱ㄬ㘵ㄬ㠵ㄬ㘶ㄬㄴ㈬〴㌬ⰶ㔱ⰸ㔱": ".i2v Make his mouth open and someone comes out of his mouth",
  "㈱ⰵ〱ⰲ㤱ⰰⰸ㈲ⰲ㈱ⰰ㌲ⰷ㈱ⰴㄷ㜬ⰷ㠱ⰸ㌱ⰲ〱ⰸ㜱ⰹ㈱ⰳ㠱ⰵ㈶㌬ⰱ㠱ⰴ㌱ⰰ㈱ⰸ㤱ⰹ〲ⰱ㤱ⰱㄱⰰ㐱ⰱ㈹㤬ⰶ㘱ⰵ㠱ⰱ㤵㠬": ".i2v Make his mouth open and someone comes out of his mouth"
}