{
  "buy": {
    "energy": 77,
    "potion": 180,
    "kayu": 77,
    "diamond": 180,
    "apel": 27000,
    "ikan": 18000,
    "ayam": 45000,
    "crate_common": 90000,
    "crate_uncommon": 270000,
    "coal": 54000,
    "iron": 144000,
    "perak": 216000,
    "gold": 360000,
    "copper": 27000,
    "timah": 36000,
    "quartz": 63000,
    "emerald": 540000,
    "ruby": 720000,
    "sapphire": 630000,
    "amethyst": 450000,
    "platinum": 1080000,
    "jade": 180000,
    "obsidian": 450000,
    "kepiting": 108000,
    "gurita": 180000,
    "lobster": 324000,
    "udang": 144000,
    "sapi": 450000,
    "domba": 360000,
    "kambing": 396000,
    "babi": 324000,
    "crate_mythic": 1080000,
    "crate_epic": 2160000,
    "crate_legendary": 4500000
  },
  "sell": {
    "potion": 171,
    "kayu": 14630,
    "diamond": 171,
    "apel": 21375,
    "ikan": 13680,
    "ayam": 34200,
    "crate_common": 68400,
    "crate_uncommon": 205200,
    "coal": 41040,
    "iron": 111150,
    "perak": 171000,
    "gold": 290700,
    "copper": 17100,
    "timah": 25650,
    "quartz": 47880,
    "emerald": 427500,
    "ruby": 598500,
    "sapphire": 513000,
    "amethyst": 342000,
    "platinum": 940500,
    "jade": 136800,
    "obsidian": 342000,
    "kepiting": 82080,
    "gurita": 145350,
    "lobster": 256500,
    "udang": 111150,
    "sapi": 359100,
    "domba": 290700,
    "kambing": 324900,
    "babi": 256500,
    "crate_mythic": 889200,
    "crate_epic": 1710000,
    "crate_legendary": 3762000
  },
  "diskon": {},
  "inflasi": {
    "aktif": true,
    "evaluasiTerakhir": 1761301311464
  },
  "statistik": {},
  "snapshot": {
    "waktu": "2025-10-24T10:21:51.466Z",
    "ringkas": {
      "totalUser": 11,
      "itemTerkelola": 34
    }
  }
}