{"metadata":{"id":"120363405005671831@g.us","addressingMode":"lid","subject":"test bot","subjectOwner":"34054846042239@lid","subjectOwnerPn":"6285810543376@s.whatsapp.net","subjectTime":1740100030,"size":2,"creation":1740099935,"owner":"34054846042239@lid","ownerPn":"6285810543376@s.whatsapp.net","owner_country_code":"ID","descTime":null,"restrict":false,"announce":false,"isCommunity":false,"isCommunityAnnounce":false,"joinApprovalMode":false,"memberAddMode":true,"participants":[{"id":"6285810543376@s.whatsapp.net","lid":"34054846042239@lid","admin":"superadmin"},{"id":"6285143227889@s.whatsapp.net","lid":"47511683203152@lid","admin":null}]},"timestamp":1761283698776}