{
  "6285143227889": {
    "nama": false,
    "umur": false,
    "sn": false,
    "healt": 100,
    "potion": 5,
    "kayu": 75,
    "coal": 0,
    "perak": 0,
    "iron": 20,
    "gold": 0,
    "diamond": 0,
    "apel": 0,
    "ikan": 0,
    "babi": 0,
    "kepiting": 0,
    "gurita": 0,
    "lobster": 0,
    "udang": 0,
    "sapi": 0,
    "kambing": 0,
    "domba": 0,
    "ayam": 0,
    "crate": {},
    "item": {}
  },
  "6285133732969": {
    "nama": false,
    "umur": false,
    "sn": false,
    "healt": 100,
    "potion": 5,
    "kayu": 75,
    "coal": 0,
    "perak": 0,
    "iron": 20,
    "gold": 0,
    "diamond": 0,
    "apel": 0,
    "ikan": 0,
    "babi": 0,
    "kepiting": 0,
    "gurita": 0,
    "lobster": 0,
    "udang": 0,
    "sapi": 0,
    "kambing": 0,
    "domba": 0,
    "ayam": 0,
    "crate": {},
    "item": {}
  },
  "6285810543376": {
    "nama": false,
    "umur": false,
    "sn": false,
    "healt": 99999,
    "potion": 99999,
    "kayu": 99999,
    "coal": 99999,
    "perak": 99999,
    "iron": 99999,
    "gold": 99999,
    "diamond": 99999,
    "apel": 99999,
    "ikan": 99999,
    "babi": 99999,
    "kepiting": 99999,
    "gurita": 99999,
    "lobster": 99999,
    "udang": 99999,
    "sapi": 99999,
    "kambing": 99999,
    "domba": 99999,
    "ayam": 99999,
    "crate": {},
    "item": {}
  }
}